{
  "config": {
    "variants": [
      "v0",
      "v1",
      "v2",
      "v3",
      "v4",
      "v5"
    ],
    "test_queries_count": 20,
    "top_k": 10
  },
  "results_by_variant": {
    "v0": {
      "recall@1": 0.10000000000000002,
      "recall@3": 0.29999999999999993,
      "recall@5": 0.5,
      "recall@10": 0.9949999999999999,
      "precision@1": 1.0,
      "precision@3": 1.0,
      "precision@5": 1.0,
      "precision@10": 0.9949999999999999,
      "mrr": 1.0,
      "ndcg@5": 1.0,
      "ndcg@10": 0.9968189605900524,
      "avg_latency_ms": 30.977416038513184,
      "category_accuracy": null
    },
    "v1": {
      "recall@1": 0.10000000000000002,
      "recall@3": 0.29999999999999993,
      "recall@5": 0.5,
      "recall@10": 0.9799999999999999,
      "precision@1": 1.0,
      "precision@3": 1.0,
      "precision@5": 1.0,
      "precision@10": 0.9799999999999999,
      "mrr": 1.0,
      "ndcg@5": 0.9970020349969133,
      "ndcg@10": 0.9884521667557594,
      "avg_latency_ms": 13.18751573562622,
      "category_accuracy": null
    },
    "v2": {
      "recall@1": 0.10000000000000002,
      "recall@3": 0.285,
      "recall@5": 0.41999999999999993,
      "recall@10": 0.915,
      "precision@1": 1.0,
      "precision@3": 0.95,
      "precision@5": 0.8399999999999999,
      "precision@10": 0.915,
      "mrr": 1.0,
      "ndcg@5": 0.8465819975289905,
      "ndcg@10": 0.9098623779417341,
      "avg_latency_ms": 14.623677730560303,
      "category_accuracy": null
    },
    "v3": {
      "recall@1": 0.10000000000000002,
      "recall@3": 0.29999999999999993,
      "recall@5": 0.5,
      "recall@10": 0.8949999999999999,
      "precision@1": 1.0,
      "precision@3": 1.0,
      "precision@5": 1.0,
      "precision@10": 0.8949999999999999,
      "mrr": 1.0,
      "ndcg@5": 0.9803578953053013,
      "ndcg@10": 0.9327452802751663,
      "avg_latency_ms": 13.273096084594727,
      "category_accuracy": null
    },
    "v4": {
      "recall@1": 0.10000000000000002,
      "recall@3": 0.285,
      "recall@5": 0.41999999999999993,
      "recall@10": 0.9099999999999999,
      "precision@1": 1.0,
      "precision@3": 0.95,
      "precision@5": 0.8399999999999999,
      "precision@10": 0.9099999999999999,
      "mrr": 1.0,
      "ndcg@5": 0.8454682100674799,
      "ndcg@10": 0.9063296221530942,
      "avg_latency_ms": 15.614795684814453,
      "category_accuracy": null
    },
    "v5": {
      "recall@1": 0.10000000000000002,
      "recall@3": 0.285,
      "recall@5": 0.41999999999999993,
      "recall@10": 0.845,
      "precision@1": 1.0,
      "precision@3": 0.95,
      "precision@5": 0.8399999999999999,
      "precision@10": 0.845,
      "mrr": 1.0,
      "ndcg@5": 0.8309071556496944,
      "ndcg@10": 0.8661306823699,
      "avg_latency_ms": 13.523030281066895,
      "category_accuracy": null
    }
  }
}