{
  "variant": "v2",
  "metrics": {
    "recall@1": 0.10000000000000002,
    "recall@3": 0.285,
    "recall@5": 0.41999999999999993,
    "recall@10": 0.915,
    "precision@1": 1.0,
    "precision@3": 0.95,
    "precision@5": 0.8399999999999999,
    "precision@10": 0.915,
    "mrr": 1.0,
    "ndcg@5": 0.8465819975289905,
    "ndcg@10": 0.9098623779417341,
    "avg_latency_ms": 14.623677730560303,
    "category_accuracy": null
  },
  "results": {
    "variant": "v2",
    "retriever_config": {
      "name": "V2: +Categories",
      "description": "Dense + category filtering",
      "config": {
        "name": "V2: +Categories",
        "description": "Dense + category filtering",
        "top_k": 10,
        "vector_weight": 0.7,
        "bm25_weight": 0.3,
        "importance_weight": 0.2
      }
    },
    "results_by_query": {
      "q001": [
        "11f3e551-84a3-4af0-aaa1-64a756f6d373",
        "38345c0a-c695-498e-b212-be5660b8d1c5",
        "5c39a2a7-f098-48db-a062-e440a3c0bed4",
        "521f6358-8738-47fb-abd3-efb57cd74da8",
        "4465ec4f-b202-45d8-9acb-9db018135ec8",
        "250600f5-d9b5-4ee3-8387-d13b6b5dc6ac",
        "e6cbc15e-d858-46ac-927a-976f0fc0d00b",
        "b964d123-e546-4ffc-b348-73687c1cda7d",
        "558140ef-37d6-4f28-b87c-f8d849f6f5a8",
        "834cc5c7-72b0-4328-a628-6377e8723695"
      ],
      "q002": [
        "11f3e551-84a3-4af0-aaa1-64a756f6d373",
        "38345c0a-c695-498e-b212-be5660b8d1c5",
        "5c39a2a7-f098-48db-a062-e440a3c0bed4",
        "521f6358-8738-47fb-abd3-efb57cd74da8",
        "4465ec4f-b202-45d8-9acb-9db018135ec8",
        "250600f5-d9b5-4ee3-8387-d13b6b5dc6ac",
        "558140ef-37d6-4f28-b87c-f8d849f6f5a8",
        "e6cbc15e-d858-46ac-927a-976f0fc0d00b",
        "b964d123-e546-4ffc-b348-73687c1cda7d",
        "16c40e72-e28a-4918-8008-3158c8fc0c0c"
      ],
      "q003": [
        "11f3e551-84a3-4af0-aaa1-64a756f6d373",
        "38345c0a-c695-498e-b212-be5660b8d1c5",
        "5c39a2a7-f098-48db-a062-e440a3c0bed4",
        "521f6358-8738-47fb-abd3-efb57cd74da8",
        "4465ec4f-b202-45d8-9acb-9db018135ec8",
        "e6cbc15e-d858-46ac-927a-976f0fc0d00b",
        "250600f5-d9b5-4ee3-8387-d13b6b5dc6ac",
        "b964d123-e546-4ffc-b348-73687c1cda7d",
        "834cc5c7-72b0-4328-a628-6377e8723695",
        "9b5fd495-5666-4516-ab9a-83182e2a77ae"
      ],
      "q004": [
        "11f3e551-84a3-4af0-aaa1-64a756f6d373",
        "38345c0a-c695-498e-b212-be5660b8d1c5",
        "5c39a2a7-f098-48db-a062-e440a3c0bed4",
        "521f6358-8738-47fb-abd3-efb57cd74da8",
        "4465ec4f-b202-45d8-9acb-9db018135ec8",
        "e6cbc15e-d858-46ac-927a-976f0fc0d00b",
        "250600f5-d9b5-4ee3-8387-d13b6b5dc6ac",
        "16c40e72-e28a-4918-8008-3158c8fc0c0c",
        "b964d123-e546-4ffc-b348-73687c1cda7d",
        "558140ef-37d6-4f28-b87c-f8d849f6f5a8"
      ],
      "q005": [
        "11f3e551-84a3-4af0-aaa1-64a756f6d373",
        "38345c0a-c695-498e-b212-be5660b8d1c5",
        "5c39a2a7-f098-48db-a062-e440a3c0bed4",
        "521f6358-8738-47fb-abd3-efb57cd74da8",
        "4465ec4f-b202-45d8-9acb-9db018135ec8",
        "558140ef-37d6-4f28-b87c-f8d849f6f5a8",
        "b964d123-e546-4ffc-b348-73687c1cda7d",
        "250600f5-d9b5-4ee3-8387-d13b6b5dc6ac",
        "e6cbc15e-d858-46ac-927a-976f0fc0d00b",
        "16c40e72-e28a-4918-8008-3158c8fc0c0c"
      ],
      "q006": [
        "38345c0a-c695-498e-b212-be5660b8d1c5",
        "11f3e551-84a3-4af0-aaa1-64a756f6d373",
        "5c39a2a7-f098-48db-a062-e440a3c0bed4",
        "521f6358-8738-47fb-abd3-efb57cd74da8",
        "558140ef-37d6-4f28-b87c-f8d849f6f5a8",
        "250600f5-d9b5-4ee3-8387-d13b6b5dc6ac",
        "4465ec4f-b202-45d8-9acb-9db018135ec8",
        "b964d123-e546-4ffc-b348-73687c1cda7d",
        "16c40e72-e28a-4918-8008-3158c8fc0c0c",
        "e6cbc15e-d858-46ac-927a-976f0fc0d00b"
      ],
      "q007": [
        "16c40e72-e28a-4918-8008-3158c8fc0c0c",
        "11f3e551-84a3-4af0-aaa1-64a756f6d373",
        "38345c0a-c695-498e-b212-be5660b8d1c5",
        "250600f5-d9b5-4ee3-8387-d13b6b5dc6ac",
        "558140ef-37d6-4f28-b87c-f8d849f6f5a8",
        "e6cbc15e-d858-46ac-927a-976f0fc0d00b",
        "521f6358-8738-47fb-abd3-efb57cd74da8",
        "5c39a2a7-f098-48db-a062-e440a3c0bed4",
        "b964d123-e546-4ffc-b348-73687c1cda7d",
        "4465ec4f-b202-45d8-9acb-9db018135ec8"
      ],
      "q008": [
        "16c40e72-e28a-4918-8008-3158c8fc0c0c",
        "558140ef-37d6-4f28-b87c-f8d849f6f5a8",
        "250600f5-d9b5-4ee3-8387-d13b6b5dc6ac",
        "11f3e551-84a3-4af0-aaa1-64a756f6d373",
        "38345c0a-c695-498e-b212-be5660b8d1c5",
        "b964d123-e546-4ffc-b348-73687c1cda7d",
        "e6cbc15e-d858-46ac-927a-976f0fc0d00b",
        "0f2949f6-26a4-4363-9cec-511af3d2aefd",
        "4444e9ac-3619-4c59-8d7c-76f3f6d1de35",
        "2bf495d2-a2a6-49a4-a154-a3062e993d40"
      ],
      "q009": [
        "38345c0a-c695-498e-b212-be5660b8d1c5",
        "11f3e551-84a3-4af0-aaa1-64a756f6d373",
        "5c39a2a7-f098-48db-a062-e440a3c0bed4",
        "521f6358-8738-47fb-abd3-efb57cd74da8",
        "4465ec4f-b202-45d8-9acb-9db018135ec8",
        "250600f5-d9b5-4ee3-8387-d13b6b5dc6ac",
        "558140ef-37d6-4f28-b87c-f8d849f6f5a8",
        "16c40e72-e28a-4918-8008-3158c8fc0c0c",
        "e6cbc15e-d858-46ac-927a-976f0fc0d00b",
        "b964d123-e546-4ffc-b348-73687c1cda7d"
      ],
      "q010": [
        "16c40e72-e28a-4918-8008-3158c8fc0c0c",
        "250600f5-d9b5-4ee3-8387-d13b6b5dc6ac",
        "4444e9ac-3619-4c59-8d7c-76f3f6d1de35",
        "2bf495d2-a2a6-49a4-a154-a3062e993d40",
        "558140ef-37d6-4f28-b87c-f8d849f6f5a8",
        "f0d42e1c-946f-4346-a1a1-aa0455c78a9e",
        "0f2949f6-26a4-4363-9cec-511af3d2aefd",
        "480c6ac4-ba41-45a0-a761-ac867a02412c",
        "834cc5c7-72b0-4328-a628-6377e8723695",
        "9b5fd495-5666-4516-ab9a-83182e2a77ae"
      ],
      "q011": [
        "250600f5-d9b5-4ee3-8387-d13b6b5dc6ac",
        "38345c0a-c695-498e-b212-be5660b8d1c5",
        "521f6358-8738-47fb-abd3-efb57cd74da8",
        "5c39a2a7-f098-48db-a062-e440a3c0bed4",
        "4465ec4f-b202-45d8-9acb-9db018135ec8",
        "558140ef-37d6-4f28-b87c-f8d849f6f5a8",
        "11f3e551-84a3-4af0-aaa1-64a756f6d373",
        "b964d123-e546-4ffc-b348-73687c1cda7d",
        "e6cbc15e-d858-46ac-927a-976f0fc0d00b",
        "0f2949f6-26a4-4363-9cec-511af3d2aefd"
      ],
      "q012": [
        "250600f5-d9b5-4ee3-8387-d13b6b5dc6ac",
        "38345c0a-c695-498e-b212-be5660b8d1c5",
        "521f6358-8738-47fb-abd3-efb57cd74da8",
        "5c39a2a7-f098-48db-a062-e440a3c0bed4",
        "4465ec4f-b202-45d8-9acb-9db018135ec8",
        "558140ef-37d6-4f28-b87c-f8d849f6f5a8",
        "e6cbc15e-d858-46ac-927a-976f0fc0d00b",
        "11f3e551-84a3-4af0-aaa1-64a756f6d373",
        "b964d123-e546-4ffc-b348-73687c1cda7d",
        "16c40e72-e28a-4918-8008-3158c8fc0c0c"
      ],
      "q013": [
        "250600f5-d9b5-4ee3-8387-d13b6b5dc6ac",
        "38345c0a-c695-498e-b212-be5660b8d1c5",
        "4465ec4f-b202-45d8-9acb-9db018135ec8",
        "521f6358-8738-47fb-abd3-efb57cd74da8",
        "5c39a2a7-f098-48db-a062-e440a3c0bed4",
        "558140ef-37d6-4f28-b87c-f8d849f6f5a8",
        "b964d123-e546-4ffc-b348-73687c1cda7d",
        "11f3e551-84a3-4af0-aaa1-64a756f6d373",
        "e6cbc15e-d858-46ac-927a-976f0fc0d00b",
        "16c40e72-e28a-4918-8008-3158c8fc0c0c"
      ],
      "q014": [
        "11f3e551-84a3-4af0-aaa1-64a756f6d373",
        "38345c0a-c695-498e-b212-be5660b8d1c5",
        "5c39a2a7-f098-48db-a062-e440a3c0bed4",
        "521f6358-8738-47fb-abd3-efb57cd74da8",
        "4465ec4f-b202-45d8-9acb-9db018135ec8",
        "250600f5-d9b5-4ee3-8387-d13b6b5dc6ac",
        "e6cbc15e-d858-46ac-927a-976f0fc0d00b",
        "b964d123-e546-4ffc-b348-73687c1cda7d",
        "16c40e72-e28a-4918-8008-3158c8fc0c0c",
        "558140ef-37d6-4f28-b87c-f8d849f6f5a8"
      ],